ss_id,authors,journal,booktitle,article_number,start_page,end_page,issue,title,volume,year,doi,issn,url,code_from_ss,keywords,abstract,study_type,status,exclusion_reason,screen_person,screen_date,study_id
MD_Jones_21_A glo_Sc,"Syafiq M., Nur Atiqah A.R., Ghazali A., Asmah S., Yahya M.S., Aziz N., Puan C.L., Azhar B.",Acta Oecologica,,NA,11,18,NA,responses of tropical fruit bats to monoculture and polyculture farming in oil palm smallholdings,74,2016,10.1016/j.actao.2016.06.005,1146609X,,13,,,JA,,,,,
MD_Jones_21_A glo_Sc,"Saucedo-García A., Anaya A.L., Espinosa-García F.J., González M.C.",PLoS ONE,,e98454,NA,NA,6,"diversity and communities of foliar endophytic fungi from different agroecosystems of coffea arabica l. in two regions of veracruz, mexico",9,2014,10.1371/journal.pone.0098454,19326203,,18,,,JA,,,,,
MD_Jones_21_A glo_Sc,"Williams-Guillén K., Perfecto I.",PLoS ONE,,e16502,NA,NA,1,ensemble composition and activity levels of insectivorous bats in response to management intensification in coffee agroforestry systems,6,2011,10.1371/journal.pone.0016502,19326203,,30,,,JA,,,,,
MD_Jones_21_A glo_Sc,"Bos M.M., Tylianakis J.M., Steffan-Dewenter I., Tscharntke T.",Biological Invasions,,NA,1399,1409,8,the invasive yellow crazy ant and the decline of forest ant diversity in indonesian cacao agroforests,10,2008,10.1007/s10530-008-9215-4,13873547,,34,,,JA,,,,,
MD_Jones_21_A glo_Sc,"Zhang X., Zhao G., Zhang X., Li X., Yu Z., Liu Y. & Liang H.",Coleopterists Bulletin,,NA,402,412,2,"ground beetle (coleoptera: carabidae) diversity and body-size variation in four land use types in a mountainous area near beijing, china",71,2017,10.1649/0010-065X-71.2.402,0010065X,,46,,,JA,,,,,
MD_Jones_21_A glo_Sc,"Korasaki V., Braga R.F., Zanetti R., Moreira F.M.S., Vaz-de-Mello F.Z., Louzada J.",Biodiversity and Conservation,,NA,1485,1499,43652,conservation value of alternative land-use systems for dung beetles in amazon: valuing traditional farming practices,22,2013,10.1007/s10531-013-0487-3,9603115,,52,,,JA,,,,,
MD_Jones_21_A glo_Sc,"Perry J., Lojka B., Ruiz L.G.Q., Van Damme P., Houška J., Cusimamani E.F.",Forests,,82,NA,NA,4,how natural forest conversion affects insect biodiversity in the peruvian amazon: can agroforestry help?,7,2016,10.3390/f7040082,19994907,,61,,,JA,,,,,
MD_Jones_21_A glo_Sc,"Sistla S.A., Roddy A.B., Williams N.E., Kramer D.B., Stevens K., Allison S.D.",PLoS ONE,,e0162529,NA,NA,9,agroforestry practices promote biodiversity and natural resource diversity in atlantic nicaragua,11,2016,10.1371/journal.pone.0162529,19326203,,78,,,JA,,,,,
MD_Jones_21_A glo_Sc,"Hylander K., Nemomissa S.",Conservation Biology,,NA,400,409,2,complementary roles of home gardens and exotic tree plantations as alternative habitats for plants of the ethiopian montane rainforest [roles complementarios de jardines do<U+1E3F>esticos y plantaciones de 'arboles ex´oticos como h´abitats alternativos para plantas del bosque lluvioso montano et´iope],23,2009,10.1111/j.1523-1739.2008.01097.x,8888892,,91,,,JA,,,,,
MD_Jones_21_A glo_Sc,"Varah A., Jones H., Smith J., Potts S.G.",Journal of the Science of Food and Agriculture,,NA,2073,2075,9,enhanced biodiversity and pollination in uk agroforestry systems,93,2013,10.1002/jsfa.6148,225142,,107,,,JA,,,,,
MD_Jones_21_A glo_Sc,"Azhara B., Puanb C.L., Zakariab M., Hassanb N., Arifc M.",Basic and Applied Ecology,,NA,336,346,4,Effects of monoculture and polyculture practices in oil palm smallholdings on tropical farmland birds,15,2014,NA,NA,,125,,,JA,,,,,
MD_Jones_21_A glo_Sc,"Ghazalia A., Asmaha S., Syafiqa M., Yahyaa M.S., Azizb N., Pengc T.,  Norhishamad M.R., Puanae C.L., Turnerf E.C., Azharae B.",Journal of Asia-Pacific Entomoly,,NA,415,421,2,Effects of monoculture and polyculture farming in oil palm smallholdings on terrestrial arthropod diversity,19,2016,https://doi.org/10.1016/j.aspen.2016.04.016,NA,,128,,,JA,,,,,
MD_Jones_21_A glo_Sc,"Perfeto I., Mas A., Dietsch T., Vandermeer J.",Biodiversity and Conservation,,1239-1252,NA,NA,6,Conservation of biodiversity in coffee agroecosystems: a tri-taxa comparison in southern Mexico,12,2003,http://dx.doi.org/10.1023/A:1023039921916,NA,,132,,,JA,,,,,
MD_Jones_21_A glo_Sc,"Arias R.M.,  Heredia-Abarca G.,  Sosa V.J., Fuentes-Ramírez L.E.",Agroforestry Systems,,179-193,NA,NA,1,"Diversity and abundance of arbuscular mycorrhizal fungi spores under different coffee production systems and in a tropical montane cloud forest patch in Veracruz, Mexico",85,2012,10.1007/s1-457-011-9414-3,NA,,133,,,JA,,,,,
MD_Jones_21_A glo_Sc,"Williams-Guillén K., Perfecto I.",Biotropica,,605-613,NA,NA,5,"Effects of Agricultural Intensification on the Assemblage of Leaf-Nosed Bats (Phyllostomidae) in a Coffee Landscape in Chiapas, Mexico",42,2019,10.1111/j-1744-7429.2010.00626.x,NA,,135,,,JA,,,,,
MD_Jones_21_A glo_Sc,"García Estradaa C., Damon A., Sánchez Hernández C., Soto Pinto C., Ibarra Núñez G.",Biological Conservation,,351-261,NA,NA,3,"Bat Diversity in Montane Rainforest and Shaded Coffee Under different management regimes in Southeastern Chiapas, MExico",132,2006,https://doi.org/10.1016/j.biocon.2006.04.027,NA,,136,,,JA,,,,,
MD_Jones_21_A glo_Sc,"Bos M.M., Steffan-Dewenter I., Tscharntke T",Biodiversity and Conservation,,2429-2444,NA,NA,8,"The contribution of shaded cacao agroforests to the conservation of lower canopy ants, and beetles in Indonesia '",16,2017,10.1007/s10531-007-9196-0,NA,,138,,,JA,,,,,
MD_Jones_21_A glo_Sc,"Bos M.M., Höhn P.,  Saleh S., Büche B., Buchori D., Steffan-Dewenter I., Tscharntke T.","In: Tscharntke T, Leuschner C, Guhardja E, Zeller M (eds) The stability of tropical rainforest margins: linking ecological, economic and social constraints of land use and conservation. Springer, Berlin, Heidelberg, New York",,NA,279,296,NA,Insect diversity responses to forest conversion and agroforestry management,NA,2007,10.1007/978-3-540-30290-2_14,NA,,139,,,JA,,,,,
MD_Jones_21_A glo_Sc,"Gibbs S., Koblents H., Coleman B., Gordon A.,  Thevathasan N.",School of Environmental SciencesUniversity of GuelphGuelphCanada2.HalifaxCanada3.Department of GeographyUniversity of TorontoTorontoCanada4.Williams and AssociatesRockwoodCanada,,905-916,NA,NA,5,Avian diversity in a temperate tree-based intercropping system from inception to now,90,2016,https://doi-org.ezproxy.princeton.edu/10.1007/s10457-016-9901-7,NA,,145,,,JA,,,,,
MD_Jones_21_A glo_Sc,"Greenberg R., Bichier P., Cruz Angon A., Reitsma R.",Conservation Biology,,448-459,NA,NA,2,Bird Populations in Shade and Sun Coffee Plantations in Central Guatemala,11,2002,https://doi.org/10.1046/j.1523-1739.1997.95464.x,NA,,147,,,JA,,,,,
MD_Jones_21_A glo_Sc,"Braga R.F., Korasaki V., Andresen E., Louzada J.",PLOS ONE,,NA,NA,NA,2,Dung Beetle Community and Functions along a Habitat-Disturbance Gradient in the Amazon: A Rapid Assessment of Ecological Functions Associated to Biodiversity,8,2013,https://doi.org/10.1371/journal.pone.0057786,NA,,151,,,JA,,,,,
MD_Jones_21_A glo_Sc,Escobar F.,Tropical Zoology,,123-136,NA,NA,1,Diversity and composition of dung beetle (Scarabaeinae) assemblages in a heterogeneous Andean landscape,17,2004,10.1080/03946975.2004.10531202,NA,,152,,,JA,,,,,
MD_Jones_21_A glo_Sc,"Estrada A., Coates-Estrada R.",Biodiversity and Conservation,,1903-1918,NA,NA,11,"Dung beetles in continuous forest, forest fragments and in an agricultural mosaic habitat island at Los Tuxtlas, Mexico",11,2002,10.1023/A:1020896928578,NA,,153,,,JA,,,,,
MD_Jones_21_A glo_Sc,"Harvey C.A., Gonzalez J., Somarriba E.",Biodiversity and Conservation,,NA,555,585,2,"Dung Beetle and Terrestrial Mammal Diversity in Forests, Indigenous Agroforestry Systems and Plantain Monocultures in Talamanca, Costa Rica",15,2006,NA,NA,,154,,,JA,,,,,
MD_Jones_21_A glo_Sc,"Smith R.G., Gross K.L.",Journal of Applied Ecology,,NA,NA,NA,5,Assembly of weed communities along a crop diversity gradient,44,2019,NA,NA,,157,,,JA,,,,,
MD_Jones_21_A glo_Sc,"Chandler R.B., King D.I., Raudales R., Trubey R., Chandler C., Arce Chávez V.J.",Conservation Biology,,NA,785,795,4,A small-scale land-sparing approach to conserving biological diversity in tropical agricultural landscapes,27,2013,10.1111/cobi.12046,8888892,,169,,,JA,,,,,
MD_Jones_21_A glo_Sc,"Bridle K., Fitzgerald M., Green D., Smith J., McQuillan P., Lefroy T.",Animal Production Science,,NA,869,882,10,"Relationships between site characteristics, farming system and biodiversity on Australian mixed farms",49,2009,10.1071/AN09042,18360939,,190,,,JA,,,,,
MD_Jones_21_A glo_Sc,"Ramos-Zapata J.A., Marrufo-Zapata D., Guadarrama P., Carrillo-Sánchez L., Hernández-Cuevas L., Caamal-Maldonado A.",Mycorrhiza,,NA,653,661,8,Impact of weed control on arbuscular mycorrhizal fungi in a tropical agroecosystem: A long-term experiment,22,2012,10.1007/s00572-012-0443-1,9406360,,196,,,JA,,,,,
MD_Jones_21_A glo_Sc,"Verzeaux J., Alahmad A., Habbib H., Nivelle E., Roger D., Lacoux J., Decocq G., Hirel B., Catterou M., Spicher F., Dubois F., Duclercq J., Tetu T.",Geoderma,,NA,49,57,NA,Cover crops prevent the deleterious effect of nitrogen fertilisation on bacterial diversity by maintaining the carbon content of ploughed soil,281,2016,10.1016/j.geoderma.2016.06.035,167061,,198,,,JA,,,,,
MD_Jones_21_A glo_Sc,"Negrete-Yankelevich S., Maldonado-Mendoza I.E., Lázaro-Castellanos J.O., Sangabriel-Conde W., Martínez-Álvarez J.C.",Biology and Fertility of Soils,,NA,201,212,2,Arbuscular mycorrhizal root colonization and soil P availability are positively related to agrodiversity in Mexican maize polycultures,49,2013,10.1007/s00374-012-0710-5,1782762,,204,,,JA,,,,,
MD_Jones_21_A glo_Sc,"de Pontes J.S., Oehl F., Pereira C.D., de Toledo Machado C.T., Coyne D., da Silva D.K.A., Maia L.C.",Applied Soil Ecology,,NA,56,60,NA,Diversity of arbuscular mycorrhizal fungi in the Brazilian's Cerrado and in soybean under conservation and conventional tillage,91,2017,10.1016/j.apsoil.2017.04.023,9291393,,206,,,JA,,,,,
MD_Jones_21_A glo_Sc,"Wan N.F., Cai Y.M., Shen Y.J., Ji X.Y., Wu X.W., Zheng X.R., Cheng W., Li J., Jiang Y.P., Chen X., Weiner J., Jiang J.X., Nie M., Ju R.T., Yuan T., Tang J.J., Tian W.-D., Zhang H., Li B.",eLife,,e35103,NA,NA,NA,Increasing plant diversity with border crops reduces insecticide use and increases crop yield in urban agriculture,7,2018,10.7554/eLife.35103,2050084X,,228,,,JA,,,,,
MD_Jones_21_A glo_Sc,"Parker J.E., Crowder D.W., Eigenbrode S.D., Snyder W.E.","Agriculture, Ecosystems and Environment",,NA,254,262,NA,Trap crop diversity enhances crop yield,232,2016,10.1016/j.agee.2016.08.011,1678809,,230,,,JA,,,,,
MD_Jones_21_A glo_Sc,"Cunha G.G., Stenert C., Rolon A.S., Mundstock C.M., Maltchik L.",Wetlands Ecology and Management,,NA,695,705,4,Does intensification of the rice cultivation cycle influence anuran diversity in rice fields?,23,2015,10.1007/s11273-015-9413-7,9234861,,236,,,JA,,,,,
MD_Jones_21_A glo_Sc,"De Lima R.F., Viegas L., Solé N., Soares E., Dallimer M., Atkinson P.W., Barlow J.",Biotropica,,NA,238,247,2,Can management improve the value of shade plantations for the endemic species of são tomé island?,46,2014,10.1111/btp.12092,63606,,237,,,JA,,,,,
MD_Jones_21_A glo_Sc,"Brüning L.Z., Krieger M., Meneses-Pelayo E., Eisenhauer N., Ramirez Pinilla M.P., Reu B., Ernst R.","Agriculture, Ecosystems and Environment",,NA,15,23,NA,Land-use heterogeneity by small-scale agriculture promotes amphibian diversity in montane agroforestry systems of northeast Colombia,264,2018,10.1016/j.agee.2018.05.011,1678809,,242,,,JA,,,,,
MD_Jones_21_A glo_Sc,"Liu J.L., Ren W., Zhao W.Z., Li F.R.","Agriculture, Ecosystems and Environment",,NA,109,121,NA,Cropping systems alter the biodiversity of ground- and soil-dwelling herbivorous and predatory arthropods in a desert agroecosystem: Implications for pest biocontrol,266,2018,10.1016/j.agee.2018.07.023,1678809,,253,,,JA,,,,,
MD_Jones_21_A glo_Sc,"Rossi E., Montagnini F., de Melo Virginio Filho E.","In: Montagnini, F., Francesconi, W. and Rossi, E. (eds.). Agroforestry as a tool for landscape restoration. Nova Science Publishers, New York",,NA,115,132,NA,Effects of management practices on coffee productivity and herbaceous species diversity in agroforestry systems in Costa Rica,NA,2011,NA,NA,,260,,,JA,,,,,
MD_Jones_21_A glo_Sc,"Ekroos J., Kuussaari M., Tiainen J., Heliölä J., Seimola T., Helenius J.",Ecological Indicators,,NA,528,535,NA,"Correlations in species richness between taxa depend on habitat, scale and landscape context",34,2013,10.1016/j.ecolind.2013.06.015,1470160X,,274,,,JA,,,,,
MD_Jones_21_A glo_Sc,"Merckx T., Marini L., Feber R.E., MacDonald D.W.",Journal of Applied Ecology,,NA,1396,1404,6,Hedgerow trees and extended-width field margins enhance macro-moth diversity: Implications for management,49,2012,10.1111/j.1365-2664.2012.02211.x,218901,,275,,,JA,,,,,
MD_Jones_21_A glo_Sc,"Akbulut S., Keten A., Stamps W.T.",Journal of Agronomy and Crop Science,,NA,261,269,4,"Effect of alley cropping on crops and arthropod diversity in Duzce, Turkey",189,2003,10.1046/j.1439-037X.2003.00042.x,9312250,,280,,,JA,,,,,
MD_Jones_21_A glo_Sc,"Giordani P., Incerti G., Rizzi G., Ginaldi F., Viglione S., Rellini I., Brunialti G., Malaspina P., Modenesi P.","Biology of Lichens – Symbiosis, Ecology, Environm. Monitoring, Systematics, Cyber Applications",,NA,139,148,NA,Land use intensity drives the local variation of lichen diversity in Mediterranean ecosystems sensitive to desertification,105,2010,NA,NA,,287,,,JA,,,,,
MD_Jones_21_A glo_Sc,"Pereira P., Godinho C., Gomes M., Rabaça J.E.",Annals of Forest Science,,NA,33,41,1,The importance of the surroundings: Are bird communities of riparian galleries influenced by agroforestry matrices in SW Iberian Peninsula?,71,2014,10.1007/s13595-012-0228-x,12864560,,290,,,JA,,,,,
MD_Jones_21_A glo_Sc,"Verhulst J., Báldi A., Kleijn D.","Agriculture, Ecosystems and Environment",,NA,465,473,3,Relationship between land-use intensity and species richness and abundance of birds in Hungary,104,2004,10.1016/j.agee.2004.01.043,1678809,,295,,,JA,,,,,
MD_Jones_21_A glo_Sc,"Barrio I.C., Villafuerte R., Tortosa F.S.",Wildlife Biology,,NA,88,96,1,Can cover crops reduce rabbit-induced damages in vineyards in southern Spain?,18,2012,10.2981/10-110,9096396,,299,,,JA,,,,,
MD_Jones_21_A glo_Sc,"Burns K.N., Kluepfel D.A., Strauss S.L., Bokulich N.A., Cantu D., Steenwerth K.L.",Soil Biology and Biochemistry,,NA,232,247,NA,Vineyard soil bacterial diversity and composition revealed by 16S rRNA genes: Differentiation by geographic features,91,2015,10.1016/j.soilbio.2015.09.002,380717,,309,,,JA,,,,,
MD_Jones_21_A glo_Sc,"Costello M.J., Daane K.M.",Ecological Entomology,,NA,33,40,1,Influence of ground cover on spider populations in a table grape vineyard,23,1998,10.1046/j.1365-2311.1998.00108.x,3076946,,314,,,JA,,,,,
MD_Jones_21_A glo_Sc,"Costello M.J., Daane K.M.",Environmental Entomology,,NA,1085,1098,5,Spider and Leafhopper (Erythroneura spp.) Response to Vineyard Ground Cover,32,2003,10.1603/0046-225X-32.5.1085,0046225X,,315,,,JA,,,,,
MD_Jones_21_A glo_Sc,"Daane K. M., Costello M. J.",California Agriculture,,NA,27,33,NA,Can cover crops reduce leafhopper abundance in vineyards?,52,1998,10.3733/ca.v052n05p27,NA,,316,,,JA,,,,,
MD_Jones_21_A glo_Sc,"English-Loeb G., Rhainds M., Martinson T., Ugine T.",Agricultural and Forest Entomology,,NA,173,181,2,Influence of flowering cover crops on Anagrus parasitoids (Hymenoptera: Mymaridae) and Erythroneura leafhoppers (Homoptera: Cicadellidae) in New York vineyards,5,2003,10.1046/j.1461-9563.2003.00179.x,14619555,,318,,,JA,,,,,
MD_Jones_21_A glo_Sc,"Favretto M.R., Paoletti M.G., Caporali F., Nannipieri P., Onnis A., Tomei P.E.",Biology and Fertility of Soils,,NA,151,158,3,Invertebrates and nutrients in a Mediterranean vineyard mulched with subterranean clover (Trifolium subterraneum L.),14,1992,10.1007/BF00346055,1782762,,319,,,JA,,,,,
MD_Jones_21_A glo_Sc,"Hanna R., Zalom F.G., Roltsch W.J.",Entomologia Experimentalis et Applicata,,NA,177,191,3,Relative impact of spider predation and cover crop on population dynamics of Erythroneura variabilis in a raisin grape vineyard,107,2003,10.1046/j.1570-7458.2003.00051.x,138703,,324,,,JA,,,,,
MD_Jones_21_A glo_Sc,"Irvin N.A., Bistline-East A., Hoddle M.S.",Biological Control,,NA,72,83,NA,"The effect of an irrigated buckwheat cover crop on grape vine productivity, and beneficial insect and grape pest abundance in southern California",93,2016,10.1016/j.biocontrol.2015.11.009,10499644,,326,,,JA,,,,,
MD_Jones_21_A glo_Sc,"James D.G., Seymour L., Lauby G., Buckley K.",Journal of Insect Conservation,,NA,341,348,2,"Beauty with benefits: butterfly conservation in Washington State, USA, wine grape vineyards",19,2015,10.1007/s10841-015-9761-x,1366638X,,328,,,JA,,,,,
MD_Jones_21_A glo_Sc,"Kehinde T., Samways M.J.","Agriculture, Ecosystems and Environment",,NA,162,167,1,Endemic pollinator response to organic vs. conventional farming and landscape context in the Cape Floristic Region biodiversity hotspot,146,2012,10.1016/j.agee.2011.10.020,1678809,,329,,,JA,,,,,
MD_Jones_21_A glo_Sc,"Kehinde T., Samways M.J.",Animal Conservation,,NA,401,409,5,Insect-flower interactions: Network structure in organic versus conventional vineyards,17,2014,10.1111/acv.12118,13679430,,330,,,JA,,,,,
MD_Jones_21_A glo_Sc,"Kehinde T., Samways M.J.",Agricultural and Forest Entomology,,NA,95,101,1,Management defines species turnover of bees and flowering plants in vineyards,16,2014,10.1111/afe.12038,14619555,,331,,,JA,,,,,
MD_Jones_21_A glo_Sc,"Paoletti M.G., Sommaggio D., Favretto M.R., Petruzzelli G., Pezzarossa B., Barbafieri M.",Applied Soil Ecology,,NA,137,150,NA,Earthworms as useful bioindicators of agroecosystem sustainability in orchards and vineyards with different inputs,10,1998,10.1016/S0929-1393(98)00036-5,9291393,,344,,,JA,,,,,
MD_Jones_21_A glo_Sc,"Rusch A., Delbac L., Thiéry D.",Journal of Applied Ecology,,NA,1794,1803,6,Grape moth density in Bordeaux vineyards depends on local habitat management despite effects of landscape heterogeneity on their biological control,54,2017,10.1111/1365-2664.12858,218901,,353,,,JA,,,,,
MD_Jones_21_A glo_Sc,"Sharley D.J., Hoffmann A.A., Thomson L.J.",Agricultural and Forest Entomology,,NA,233,243,3,The effects of soil tillage on beneficial invertebrates within the vineyard,10,2008,10.1111/j.1461-9563.2008.00376.x,14619555,,355,,,JA,,,,,
MD_Jones_21_A glo_Sc,"Smith R., Bettiga L., Cahn M., Baumgartner K., Jackson L.E., Bensen T.",California Agriculture,,NA,184,190,4,"Vineyard floor management affects soil, plant nutrition, and grape yield and quality",62,2008,10.3733/ca.v062n04p184,80845,,356,,,JA,,,,,
MD_Jones_21_A glo_Sc,"Virto I., Imaz M.J., Fernández-Ugalde O., Urrutia I., Enrique A., Bescansa P.",Spanish Journal of Agricultural Research,,NA,1121,1132,4,"Soil quality evaluation following the implementation of permanent cover crops in semi-arid vineyards. Organic matter, physical and biological soil properties [Evaluación de la calidad del suelo tras la implantación de cubiertas permanentes en viñedos de zonas semiáridas. materia orgánica y propiedades físicas y biológicas del suelo]",10,2012,10.5424/sjar/2012104-613-11,1695971X,,361,,,JA,,,,,
MD_Jones_21_A glo_Sc,"Stamps W.T., Woods T.W., Linit M.J., Garrett H.E.",Agroforestry Systems,,NA,167,175,2,"Arthropod diversity in alley cropped black walnut (Juglans nigra L.) stands in eastern Missouri, USA",56,2002,10.1023/A:1021319628004,1674366,,365,,,JA,,,,,
MD_Jones_21_A glo_Sc,"Feledyn-Szewczyk B., Radzikowski P., Stalenga J., Matyka M.",Agronomy,,675,NA,NA,11,Comparison of the effect of perennial energy crops and arable crops on earthworm populations,9,2019,10.3390/agronomy9110675,20734395,,368,,,JA,,,,,
MD_Jones_21_A glo_Sc,"Adhikari, S; Menalled, FD",SUSTAINABILITY,,NA,NA,NA,7,Impacts of Dryland Farm Management Systems on Weeds and Ground Beetles (Carabidae) in the Northern Great Plains,10,2018,10.3390/su10072146,2071-1050,,393,,,JA,,,,,
MD_Jones_21_A glo_Sc,"Rusch, A; Binet, D; Delbac, L; Thiery, D",LANDSCAPE ECOLOGY,,NA,2163,2174,9,Local and landscape effects of agricultural intensification on Carabid community structure and weed seed predation in a perennial cropping system,31,2016,10.1007/s10980-016-0390-x,0921-2973,,402,,,JA,,,,,
MD_Jones_21_A glo_Sc,"Tamburini, G; De Simone, S; Sigura, M; Boscutti, F; Marini, L",PROCEEDINGS OF THE ROYAL SOCIETY B-BIOLOGICAL SCIENCES,,NA,NA,NA,1837,Soil management shapes ecosystem service provision and trade-offs in agricultural landscapes,283,2016,10.1098/rspb.2016.1369,0962-8452,,404,,,JA,,,,,
MD_Jones_21_A glo_Sc,"Balzan, MV; Bocci, G; Moonen, AC",ENTOMOLOGIA EXPERIMENTALIS ET APPLICATA,,NA,304,319,3,Utilisation of plant functional diversity in wildflower strips for the delivery of multiple agroecosystem services,158,2016,10.1111/eea.12403,0013-8703,,405,,,JA,,,,,
MD_Jones_21_A glo_Sc,"Kazakou, E; Fried, G; Richarte, J; Gimenez, O; Violle, C; Metay, A",BOTANY LETTERS,,NA,373,388,4,A plant trait-based response-and-effect framework to assess vineyard inter-row soil management,163,2016,10.1080/23818107.2016.1232205,2381-8107,,406,,,JA,,,,,
MD_Jones_21_A glo_Sc,"Myers, MC; Hoksch, BJ; Mason, JT",JOURNAL OF INSECT CONSERVATION,,NA,457,472,3,"Butterfly response to floral resources during early establishment at a heterogeneous prairie biomass production site in Iowa, USA",16,2012,10.1007/s10841-011-9433-4,1366-638X,,415,,,JA,,,,,
MD_Jones_21_A glo_Sc,"Njeru E.M., Avio L., Bocci G., Sbrana C., Turrini A., Bàrberi P., Giovannetti M., Oehl F.",Biology and Fertility of Soils,,NA,151,166,2,Contrasting effects of cover crops on ‘hot spot’ arbuscular mycorrhizal fungal communities in organic tomato,51,2015,10.1007/s00374-014-0958-z,1782762,,425,,,JA,,,,,
MD_Jones_21_A glo_Sc,"Njeru E.M., Avio L., Sbrana C., Turrini A., Bocci G., Bàrberi P., Giovannetti M.",Agronomy for Sustainable Development,,NA,841,848,4,First evidence for a major cover crop effect on arbuscular mycorrhizal fungi and organic maize growth,34,2014,10.1007/s13593-013-0197-y,17740746,,426,,,JA,,,,,
MD_Jones_21_A glo_Sc,"Koide R.T., Peoples M.S.",Plant and Soil,,NA,259,269,NA,On the nature of temporary yield loss in maize following canola,360,2012,10.1007/s11104-012-1237-0,0032079X,,429,,,JA,,,,,
MD_Jones_21_A glo_Sc,"Deguchi S., Shimazaki Y., Uozumi S., Tawaraya K., Kawamoto H., Tanaka O.",Plant and Soil,,NA,291,299,NA,White clover living mulch increases the yield of silage corn via arbuscular mycorrhizal fungus colonization,291,2007,10.1007/s11104-007-9194-8,0032079X,,430,,,JA,,,,,
MD_Jones_21_A glo_Sc,"Boswell E.P., Koide R.T., Shumway D.L., Addy H.D.","Agriculture, Ecosystems and Environment",,NA,55,65,1,"Winter wheat cover cropping, VA mycorrhizal fungi and maize growth and yield",67,1998,10.1016/S0167-8809(97)00094-7,1678809,,431,,,JA,,,,,
MD_Jones_21_A glo_Sc,"Ekroos J., Hyvönen T., Tiainen J., Tiira M.","Agriculture, Ecosystems and Environment",,NA,288,293,4,Responses in plant and carabid communities to farming practises in boreal landscapes,135,2010,10.1016/j.agee.2009.10.007,1678809,,438,,,JA,,,,,
MD_Jones_21_A glo_Sc,"Haenke S., Scheid B., Schaefer M., Tscharntke T., Thies C.",Journal of Applied Ecology,,NA,1106,1114,5,Increasing syrphid fly diversity and density in sown flower strips within simple vs. complex landscapes,46,2009,10.1111/j.1365-2664.2009.01685.x,218901,,440,,,JA,,,,,
MD_Jones_21_A glo_Sc,"Letourneau D.K., Goldstein B.",Journal of Applied Ecology,,NA,557,570,3,Pest damage and arthropod community structure in organic vs. conventional tomato production in California,38,2001,10.1046/j.1365-2664.2001.00611.x,218901,,470,,,JA,,,,,
MD_Jones_21_A glo_Sc,"Sardiñas H.S., Tom K., Ponisio L.C., Rominger A., Kremen C.",Ecological Applications,,NA,438,447,2,Sunflower (Helianthus annuus) pollination in California's Central Valley is limited by native bee nest site location,26,2016,10.1890/15-0033,19395582,,482,,,JA,,,,,
MD_Jones_21_A glo_Sc,"Scheper J., Bommarco R., Holzschuh A., Potts S.G., Riedinger V., Roberts S.P.M., Rundlöf M., Smith H.G., Steffan-Dewenter I., Wickens J.B., Wickens V.J., Kleijn D.",Journal of Applied Ecology,,NA,1165,1175,5,Local and landscape-level floral resources explain effects of wildflower strips on wild bees across four European countries,52,2015,10.1111/1365-2664.12479,218901,,486,,,JA,,,,,
MD_Jones_21_A glo_Sc,"Baños-Picón L., Torres F., Tormos J., Gayubo S.F., Asís J.D.",Basic and Applied Ecology,,NA,255,262,3,Comparison of two Mediterranean crop systems: Polycrop favours trap-nesting solitary bees over monocrop,14,2013,10.1016/j.baae.2012.12.008,14391791,,493,,,JA,,,,,
MD_Jones_21_A glo_Sc,"Straub C.S., Simasek N.P., Dohm R., Gapinski M.R., Aikens E.O., Nagy C.",Basic and Applied Ecology,,NA,50,58,1,Plant diversity increases herbivore movement and vulnerability to predation,15,2014,10.1016/j.baae.2013.12.004,14391791,,518,,,JA,,,,,
MD_Jones_21_A glo_Sc,"Zhou H., Chen L., Chen J., Francis F., Haubruge E., Liu Y., Bragard C., Cheng D.",Agroecology and Sustainable Food Systems,,NA,1001,1016,9,Adaptation of wheat-pea intercropping pattern in china to reduce sitobion avenae (Hemiptera: Aphididae) occurrence by promoting natural enemies,37,2013,10.1080/21683565.2013.763887,21683565,,520,,,JA,,,,,
MD_Jones_21_A glo_Sc,"Straub C.S., Simasek N.P., Gapinski M.R., Dohm R., Aikens E.O., Muscella S.",Journal of Pest Science,,NA,235,244,2,"Influence of nonhost plant diversity and natural enemies on the potato leafhopper, Empoasca fabae, and pea aphid, Acyrthosiphon pisum, in alfalfa",86,2013,10.1007/s10340-012-0465-7,16124758,,522,,,JA,,,,,
MD_Jones_21_A glo_Sc,"Fernandes F.S., Ramalho F.S., Godoy W.A.C., Pachu J.K.S., Nascimento R.B., Malaquias J.B., Zanuncio J.C.",Florida Entomologist,,NA,92,103,1,Within plant distribution and dynamics of hyadaphis foeniculi (hemiptera: Aphididae) in field fennel intercropped with naturally colored cotton,96,2013,10.1653/024.096.0112,154040,,524,,,JA,,,,,
MD_Jones_21_A glo_Sc,"Zhou H.-B., Chen J.-L., Liu Y., Francis F., Haubruge E., Bragard C., Sun J.-R., Cheng D.-F.",Journal of Integrative Agriculture,,NA,467,473,3,Influence of Garlic Intercropping or Active Emitted Volatiles in Releasers on Aphid and Related Beneficial in Wheat Fields in China,12,2013,10.1016/S2095-3119(13)60247-6,20953119,,525,,,JA,,,,,
MD_Jones_21_A glo_Sc,"Tulli M.C., Carmona D.M., Vincini A.M.",International Journal of Ecology,,789532,NA,NA,NA,Influence of plant diversity on the numerical response of Eriopis connexa (Coleoptera: Coccinellidae) to changes in cereal aphid density in wheat crops,NA,2013,10.1155/2013/789532,16879708,,527,,,JA,,,,,
MD_Jones_21_A glo_Sc,"Nakahira K., Takada Y., Teramoto T., Kagoshima K., Takagi M.",Biocontrol Science and Technology,,NA,1155,1165,10,Control of potato aphids by the addition of barley strips in potato fields: A successful example of vegetation management,22,2012,10.1080/09583157.2012.715627,9583157,,528,,,JA,,,,,
MD_Jones_21_A glo_Sc,"Bing Y., Ge F., Fang O., Parajulee M.",Environmental Entomology,,NA,1029,1036,4,Intra-species mixture alters pest and disease severity in cotton,41,2012,10.1603/EN11182,0046225X,,529,,,JA,,,,,
MD_Jones_21_A glo_Sc,"Bickerton M.W., Hamilton G.C.",Environmental Entomology,,NA,612,620,3,Effects of intercropping with flowering plants on predation of ostrinia nubilalis (lepidoptera: Crambidae) eggs by generalist predators in bell peppers,41,2012,10.1603/EN11249,0046225X,,530,,,JA,,,,,
MD_Jones_21_A glo_Sc,"Yao F.L., You M.S., Vasseur L., Yang G., Zheng Y.K.",Crop Protection,,NA,104,111,NA,Polycultural manipulation for better regulation of planthopper populations in irrigated rice-based ecosystems,34,2012,10.1016/j.cropro.2011.12.003,2612194,,531,,,JA,,,,,
MD_Jones_21_A glo_Sc,"Nyasani J.O., Meyhöfer R., Subramanian S., Poehling H.M.",Entomologia Experimentalis et Applicata,,NA,236,246,3,Effect of intercrops on thrips species composition and population abundance on French beans in Kenya,142,2012,10.1111/j.1570-7458.2011.01217.x,138703,,533,,,JA,,,,,
MD_Jones_21_A glo_Sc,"Ramalho F.S., Fernandes F.S., Nascimento A.R.B., Júnior J.L.N., Malaquias J.B., Silva C.A.D.",Journal of Economic Entomology,,NA,113,119,1,Assessment of fennel aphids (Hemiptera: Aphididae) and their predators in fennel intercropped with cotton with colored fibers,105,2012,10.1603/EC11219,220493,,534,,,JA,,,,,
MD_Jones_21_A glo_Sc,"Hummel J.D., Dosdall L.M., Clayton G.W., Harker K.N., O'Donovan J.T.",Environmental Entomology,,NA,72,80,1,"Ground beetle (Coleoptera: Carabidae) diversity, activity density, and community structure in a diversified agroecosystem",41,2012,10.1603/EN11072,0046225X,,535,,,JA,,,,,
MD_Jones_21_A glo_Sc,"Wang G., Cui L.L., Dong J., Francis F., Liu Y., Tooker J.",Entomologia Experimentalis et Applicata,,NA,189,195,3,Combining intercropping with semiochemical releases: Optimization of alternative control of sitobion avenae in wheat crops in china,140,2011,10.1111/j.1570-7458.2011.01150.x,138703,,536,,,JA,,,,,
MD_Jones_21_A glo_Sc,"Lin S., You M.S., Yang G., Chen L.L.",Crop Protection,,NA,279,284,3,Can polycultural manipulation effectively control rice planthoppers in rice-based ecosystems?,30,2011,10.1016/j.cropro.2010.11.013,2612194,,537,,,JA,,,,,
MD_Jones_21_A glo_Sc,"Hanspetersen H.N., McSorley R., Liburd O.E.",Florida Entomologist,,NA,590,608,4,The impact of intercropping squash with non-crop vegetation borders on the above-ground arthropod community,93,2010,10.1653/024.093.0418,154040,,539,,,JA,,,,,
MD_Jones_21_A glo_Sc,"Haddad N.M., Crutsinger G.M., Gross K., Haarstad J., Knops J.M.H., Tilman D.",Ecology Letters,,NA,1029,1039,10,Plant species loss decreases arthropod diversity and shifts trophic structure,12,2009,10.1111/j.1461-0248.2009.01356.x,1461023X,,541,,,JA,,,,,
MD_Jones_21_A glo_Sc,Brose U.,Oecologia,,NA,407,413,3,Bottom-up control of carabid beetle communities in early successional wetlands: Mediated by vegetation structure or plant diversity?,135,2003,10.1007/s00442-003-1222-7,298549,,544,,,JA,,,,,
MD_Jones_21_A glo_Sc,"Jha S., Dick C.W.",Proceedings of the National Academy of Sciences of the United States of America,,NA,13760,13764,31,Native bees mediate long-distance pollen dispersal in a shade coffee landscape mosaic,107,2010,10.1073/pnas.1002490107,278424,,549,,,JA,,,,,
MD_Jones_21_A glo_Sc,"Hoehn P., Steffan-Dewenter I., Tscharntke T.",Biodiversity and Conservation,,NA,2189,2200,8,"Relative contribution of agroforestry, rainforest and openland to local and regional bee diversity",19,2010,10.1007/s10531-010-9831-z,9603115,,550,,,JA,,,,,
MD_Jones_21_A glo_Sc,"Moorhead L.C., Philpott S.M., Bichier P.",Conservation Biology,,NA,737,746,3,Epiphyte biodiversity in the coffee agricultural matrix: Canopy stratification and distance from forest fragments [Biodiversidad de epífitas en la matriz agrícola de café: Estratificación del dosel y distancia a los fragmentos de bosque],24,2010,10.1111/j.1523-1739.2009.01430.x,8888892,,551,,,JA,,,,,
MD_Jones_21_A glo_Sc,"Larsen A., Philpott S.M.",Biotropica,,NA,342,347,3,"Twig-Nesting Ants: The Hidden Predators of the Coffee Berry Borer in Chiapas, Mexico",42,2010,10.1111/j.1744-7429.2009.00603.x,63606,,552,,,JA,,,,,
MD_Jones_21_A glo_Sc,"Kessler M., Abrahamczyk S., Bos M., Buchori D., Putra D.D., Gradstein S.R., Höhn P., Kluge J., Orend F., Pitopang R., Saleh S., Schulze C.H., Sporn S.G., Steffan-Dewenter I., Tjitrosoedirdjo S.S., Tscharntke T.",Ecological Applications,,NA,2142,2156,8,Alpha and beta diversity of plants and animals along a tropical land-use gradient,19,2009,10.1890/08-1074.1,10510761,,557,,,JA,,,,,
MD_Jones_21_A glo_Sc,"Haro-Carrión X., Lozada T., Navarrete H., De Koning G.H.J.",Biotropica,,NA,520,529,4,Conservation of vascular epiphyte diversity in shade cacao plantations in the Chocó region of ecuador,41,2009,10.1111/j.1744-7429.2009.00510.x,63606,,561,,,JA,,,,,
MD_Jones_21_A glo_Sc,"Philpott S.M., Bichier P., Rice R.A., Greenberg R.",Biodiversity and Conservation,,NA,1805,1820,8,"Biodiversity conservation, yield, and alternative products in coffee agroecosystems in Sumatra, Indonesia",17,2008,10.1007/s10531-007-9267-2,9603115,,568,,,JA,,,,,
MD_Jones_21_A glo_Sc,"López-Gómez A.M., Williams-Linera G., Manson R.H.","Agriculture, Ecosystems and Environment",,NA,160,172,NA,"Tree species diversity and vegetation structure in shade coffee farms in Veracruz, Mexico",124,2008,10.1016/j.agee.2007.09.008,1678809,,570,,,JA,,,,,
MD_Jones_21_A glo_Sc,Kapoor V.,Journal of Insect Conservation,,NA,53,68,1,"Effects of rainforest fragmentation and shade-coffee plantations on spider communities in the Western Ghats, India",12,2008,10.1007/s10841-006-9062-5,1366638X,,571,,,JA,,,,,
MD_Jones_21_A glo_Sc,"Armbrecht I., Gallego M.C.",Entomologia Experimentalis et Applicata,,NA,261,267,3,Testing ant predation on the coffee berry borer in shaded and sun coffee plantations in Colombia,124,2007,10.1111/j.1570-7458.2007.00574.x,138703,,572,,,JA,,,,,
MD_Jones_21_A glo_Sc,"Faria D., Paciencia M.L.B., Dixo M., Laps R.R., Baumgarten J.",Biodiversity and Conservation,,NA,2335,2357,8,"Ferns, frogs, lizards, birds and bats in forest fragments and shade cacao plantations in two contrasting landscapes in the Atlantic forest, Brazil",16,2007,10.1007/s10531-007-9189-z,9603115,,573,,,JA,,,,,
MD_Jones_21_A glo_Sc,"Van Bael S.A., Bichier P., Ochoa I., Greenberg R.",Biodiversity and Conservation,,NA,2245,2256,8,Bird diversity in cacao farms and forest fragments of western Panama,16,2007,10.1007/s10531-007-9193-3,9603115,,574,,,JA,,,,,
MD_Jones_21_A glo_Sc,"Harvey C.A., González Villalobos J.A.",Biodiversity and Conservation,,NA,2257,2292,8,Agroforestry systems conserve species-rich but modified assemblages of tropical birds and bats,16,2007,10.1007/s10531-007-9194-2,9603115,,576,,,JA,,,,,
MD_Jones_21_A glo_Sc,"Tylianakis J.M., Klein A.-M., Lozada T., Tscharntke T.",Journal of Biogeography,,NA,1295,1304,7,"Spatial scale of observation affects a, ß and <U+03B3> diversity of cavity-nesting bees and wasps across a tropical land-use gradient",33,2006,10.1111/j.1365-2699.2006.01493.x,3050270,,581,,,JA,,,,,
MD_Jones_21_A glo_Sc,"Bobo K.S., Waltert M., Fermon H., Njokagbor J., Mühlenberg M.",Journal of Insect Conservation,,NA,29,42,1,From forest to farmland: Butterfly diversity and habitat associations along a gradient of forest conversion in Southwestern Cameroon,10,2006,10.1007/s10841-005-8564-x,1366638X,,582,,,JA,,,,,
MD_Jones_21_A glo_Sc,"Faria D., Laps R.R., Baumgarten J., Cetra M.",Biodiversity and Conservation,,NA,587,612,2,"Bat and bird assemblages from forests and shade cacao plantations in two contrasting landscapes in the Atlantic Forest of southern Bahia, Brazil",15,2006,10.1007/s10531-005-2089-1,9603115,,583,,,JA,,,,,
MD_Jones_21_A glo_Sc,"Philpott S.M., Perfecto I., Vandermeer J.",Biodiversity and Conservation,,NA,139,155,1,Effects of management intensity and season on arboreal ant diversity and abundance in coffee agroecosystems,15,2006,10.1007/s10531-004-4247-2,9603115,,585,,,JA,,,,,
MD_Jones_21_A glo_Sc,"Philpott S.M., Uno S., Maldonado J.",Biodiversity and Conservation,,NA,487,501,1,"The importance of ants and high-shade management to coffee pollination and fruit weight in Chiapas, Mexico",15,2006,10.1007/s10531-005-0602-1,9603115,,586,,,JA,,,,,
MD_Jones_21_A glo_Sc,"Barradas Paciencia M.L., Prado J.",Plant Ecology,,NA,87,104,1,Effects of forest fragmentation on pteridophyte diversity in a tropical rain forest in Brazil,180,2005,10.1007/s11258-005-3025-x,13850237,,587,,,JA,,,,,
MD_Jones_21_A glo_Sc,"Shahabuddin, Schulze C.H., Tscharntke T.",Biodiversity and Conservation,,NA,863,877,4,Changes of dung beetle communities from rainforests towards agroforestry systems and annual cultures in Sulawesi (Indonesia),14,2005,10.1007/s10531-004-0654-7,9603115,,590,,,JA,,,,,
MD_Jones_21_A glo_Sc,Hietz P.,Conservation Biology,,NA,391,399,2,Conservation of vascular epiphyte diversity in Mexican coffee plantations,19,2005,10.1111/j.1523-1739.2005.00145.x,8888892,,592,,,JA,,,,,
MD_Jones_21_A glo_Sc,Pardini R.,Biodiversity and Conservation,,NA,2567,2586,13,Effects of forest fragmentation on small mammals in an Atlantic Forest landscape,13,2004,10.1023/B:BIOC.0000048452.18878.2d,9603115,,594,,,JA,,,,,
MD_Jones_21_A glo_Sc,"Tejeda-Cruz C., Sutherland W.J.",Animal Conservation,,NA,169,179,2,Bird responses to shade coffee production,7,2004,10.1017/S1367943004001258,13679430,,597,,,JA,,,,,
MD_Jones_21_A glo_Sc,"Armbrecht I., Perfecto I.","Agriculture, Ecosystems and Environment",,NA,107,115,NA,Litter-twig dwelling ant species richness and predation potential within a forest fragment and neighboring coffee plantations of contrasting habitat quality in Mexico,97,2003,10.1016/S0167-8809(03)00128-2,1678809,,603,,,JA,,,,,
MD_Jones_21_A glo_Sc,"Romero-Alvarado Y., Soto-Pinto L., García-Barrios L., Barrera-Gaytán J.F.",Agroforestry Systems,,NA,215,224,3,"Coffee yields and soil nutrients under the shades of Inga sp. vs. multiple species in Chiapas, Mexico",54,2002,10.1023/A:1016013730154,1674366,,605,,,JA,,,,,
MD_Jones_21_A glo_Sc,"Reitsma R., Parrish J.D., Mclarney W.",Agroforestry Systems,,NA,185,193,2,The role of cacao plantations in maintaining forest avian diversity in southeastern Costa Rica,53,2001,10.1023/A:1013328621106,1674366,,606,,,JA,,,,,
MD_Jones_21_A glo_Sc,"Ricketts T.H., Daily G.C., Ehrlich P.R., Fay J.P.",Conservation Biology,,NA,378,388,2,Countryside biogeography of moths in a fragmented landscape: Biodiversity in native and agricultural habitats,15,2001,10.1046/j.1523-1739.2001.015002378.x,8888892,,607,,,JA,,,,,
MD_Jones_21_A glo_Sc,"Glor R.E., Flecker A.S., Benard M.F., Power A.G.",Biodiversity and Conservation,,NA,711,723,5,Lizard diversity and agricultural disturbance in a Caribbean forest landscape,10,2001,10.1023/A:1016665011087,9603115,,608,,,JA,,,,,
MD_Jones_21_A glo_Sc,"Petit L.J., Petit D.R., Christian D.G., Powell H.D.W.",Ecography,,NA,292,304,3,Bird communities of natural and modified habitats in Panama,22,1999,10.1111/j.1600-0587.1999.tb00505.x,9067590,,609,,,JA,,,,,
MD_Jones_21_A glo_Sc,"Greenberg R., Bichier P., Sterling J.",Biotropica,,NA,501,514,4,"Bird populations in rustic and planted shade coffee plantations of eastern Chiapas, México",29,1997,10.1111/j.1744-7429.1997.tb00044.x,63606,,611,,,JA,,,,,
MD_Jones_21_A glo_Sc,"Roth D.S., Perfecto I., Rathcke B.",Ecological Applications,,NA,423,436,3,The effects of management systems on ground-foraging ant diversity in Costa Rica,4,1994,10.2307/1941947,10510761,,612,,,JA,,,,,
MD_Jones_21_A glo_Sc,"Estrada A., Coates-Estrada R., Meritt D., Jr.",Ecography,,NA,229,241,3,"Non flying mammals and landscape changes in the tropical rain forest region of Los Tuxtlas, Mexico",17,1994,10.1111/j.1600-0587.1994.tb00098.x,NA,,613,,,JA,,,,,
MD_Jones_21_A glo_Sc,"Kremen C., Williams N.M., Thorp R.W.",Proceedings of the National Academy of Sciences of the United States of America,,NA,16812,16816,26,Crop pollination from native bees at risk from agricultural intensification,99,2002,10.1073/pnas.262413599,278424,,633,,,JA,,,,,
MD_Jones_21_A glo_Sc,"Ramalho F.S., Fernandes F.S., Nascimento A.R.B., Nascimento Jr. J.L., Malaquias J.B., Silva C.A.D.",Annals of the Entomological Society of America,,NA,20,27,1,"Feeding damage from cotton aphids, Aphis gossypii glover (Hemiptera: Heteroptera: Aphididae), in cotton with colored fiber intercropped with fennel",105,2012,10.1603/AN11122,138746,,635,,,JA,,,,,
MD_Jones_21_A glo_Sc,"Belay D., Schulthess F., Omwega C.",Phytoparasitica,,NA,43,50,1,The profitability of maize-haricot bean intercropping techniques to control maize stem borers under low pest densities in Ethiopia,37,2009,10.1007/s12600-008-0002-7,3342123,,638,,,JA,,,,,
MD_Jones_21_A glo_Sc,"Gianoli E., Ramos I., Alfaro-Tapia A., Valdéz Y., Echegaray E.R., Yábar E.",International Journal of Pest Management,,NA,283,289,4,"Benefits of a maize-bean-weeds mixed cropping system in Urubamba Valley, Peruvian Andes",52,2006,10.1080/09670870600796722,9670874,,640,,,JA,,,,,
MD_Jones_21_A glo_Sc,"Skelton L.E., Barrett G.W.",Renewable Agriculture and Food Systems,,NA,38,47,1,A comparison of conventional and alternative agroecosystems using alfalfa (Medicago sativa) and winter wheat (Triticum aestivum),20,2005,10.1079/RAF200478,17421705,,643,,,JA,,,,,
MD_Jones_21_A glo_Sc,"Schader C., Zaller J.G., Köpke U.",Biological Agriculture and Horticulture,,NA,59,72,1,"Cotton-basil intercropping: Effects on pests, yields and economical parameters in an organic field in Fayoum, Egypt",23,2005,10.1080/01448765.2005.9755308,1448765,,644,,,JA,,,,,
MD_Jones_21_A glo_Sc,"Maluleke M.H., Addo-Bediako A., Ayisi K.K.",Journal of Economic Entomology,,NA,384,388,2,Influence of maize/lablab intercropping on lepidopterous stem borer infestation in maize,98,2005,10.1093/jee/98.2.384,220493,,645,,,JA,,,,,
MD_Jones_21_A glo_Sc,"Hooks C.R.R., Johnson M.W.",International Journal of Pest Management,,NA,115,120,2,"Using undersown clovers as living mulches: Effects on yields, lepidopterous pest infestations, and spider densities in a Hawaiian broccoli agroecosystem",50,2004,10.1080/09670870410001663462,9670874,,646,,,JA,,,,,
MD_Jones_21_A glo_Sc,"Showler A.T., Greenberg S.M.",Environmental Entomology,,NA,39,50,1,"Effects of weeds on selected arthropod herbivore and natural enemy populations, and on cotton growth and yield",32,2003,10.1603/0046-225X-32.1.39,0046225X,,649,,,JA,,,,,
MD_Jones_21_A glo_Sc,"Ogol C.K.P.O., Spence J.R., Keddie A.","Agriculture, Ecosystems and Environment",,NA,1,15,1,"Maize stem borer colonization, establishment and crop damage levels in a maize-leucaena agroforestry system in Kenya",76,1999,10.1016/S0167-8809(99)00077-8,1678809,,650,,,JA,,,,,
MD_Jones_21_A glo_Sc,"Hooks C.R.R., Valenzuela H.R., Defrank J.","Agriculture, Ecosystems and Environment",,NA,217,231,3,Incidence of pests and arthropod natural enemies in zucchini grown with living mulches,69,1998,10.1016/S0167-8809(98)00110-8,1678809,,651,,,JA,,,,,
MD_Jones_21_A glo_Sc,"Weiss M.J., Schatz B.G., Gardner J.C., Nead B.A.",Environmental Entomology,,NA,654,658,3,Flea beetle (Coleoptera: Chrysomelidae) populations and crop yield in field pea and oilseed rape intercrops,23,1994,10.1093/ee/23.3.654,0046225X,,654,,,JA,,,,,
MD_Jones_21_A glo_Sc,"Rodenhouse N.L., Barrett G.W., Zimmerman D.M., Kemp J.C.","Agriculture, Ecosystems and Environment",,NA,179,191,3,Effects of uncultivated corridors on arthropod abundances and crop yields in soybean agroecosystems,38,1992,10.1016/0167-8809(92)90143-Y,1678809,,655,,,JA,,,,,
MD_Jones_21_A glo_Sc,"Letourneau, D.",Environmental entomology,,NA,285,292,2,Associational resistance in squash monocultures and polycultures in tropical Mexico,15,1986,10.1093/ee/15.2.285,NA,,657,,,JA,,,,,
MD_Jones_21_A glo_Sc,"Bustos-Segura C., Poelman E.H., Reichelt M., Gershenzon J., Gols R.",Ecology Letters,,NA,87,97,1,Intraspecific chemical diversity among neighbouring plants correlates positively with plant size and herbivore load but negatively with herbivore damage,20,2017,10.1111/ele.12713,1461023X,,671,,,JA,,,,,
MD_Jones_21_A glo_Sc,"Abdala-Roberts L., Hernández-Cumplido J., Chel-Guerrero L., Betancur-Ancona D., Benrey B., Moreira X.",American Journal of Botany,,NA,1810,1818,10,Effects of plant intraspecific diversity across three trophic levels: Underlying mechanisms and plant traits,103,2016,10.3732/ajb.1600234,29122,,672,,,JA,,,,,
MD_Jones_21_A glo_Sc,"Pan P., Qin Y.",International Journal of Pest Management,,NA,287,292,4,Genotypic diversity of soybean in mixed cropping can affect the populations of insect pests and their natural enemies,60,2014,10.1080/09670874.2014.974725,9670874,,681,,,JA,,,,,
MD_Jones_21_A glo_Sc,"Parachnowitsch A.L., Cook-Patton S.C., McArt S.H.",Evolutionary Ecology,,NA,1139,1153,6,Neighbours matter: natural selection on plant size depends on the identity and diversity of the surrounding community,28,2014,10.1007/s10682-014-9727-6,2697653,,684,,,JA,,,,,
MD_Jones_21_A glo_Sc,"McArt S.H., Thaler J.S.",Proceedings of the Royal Society B: Biological Sciences,,20130639,NA,NA,1762,Plant genotypic diversity reduces the rate of consumer resource utilization,280,2013,10.1098/rspb.2013.0639,9628452,,685,,,JA,,,,,
MD_Jones_21_A glo_Sc,"McArt S.H., Cook-Patton S.C., Thaler J.S.",Oecologia,,NA,1013,1021,4,"Relationships between arthropod richness, evenness, and diversity are altered by complementarity among plant genotypes",168,2012,10.1007/s00442-011-2150-6,298549,,690,,,JA,,,,,
MD_Jones_21_A glo_Sc,"Cook-Patton S.C., Mcart S.H., Parachnowitsch A.L., Thaler J.S., Agrawal A.A.",Ecology,,NA,915,923,4,A direct comparison of the consequences of plant genotypic and species diversity on communities and ecosystem function,92,2011,10.1890/10-0999.1,129658,,693,,,JA,,,,,
MD_Jones_21_A glo_Sc,"Hambäck P.A., Björkman M., Hopkins R.J.",Ecological Entomology,,NA,299,306,3,Patch size effects are more important than genetic diversity for plant-herbivore interactions in Brassica crops,35,2010,10.1111/j.1365-2311.2010.01186.x,3076946,,695,,,JA,,,,,
MD_Jones_21_A glo_Sc,"Johnson M.T.J., Lajeunesse M.J., Agrawal A.A.",Ecology Letters,,NA,24,34,1,Additive and interactive effects of plant genotypic diversity on arthropod communities and plant fitness,9,2006,10.1111/j.1461-0248.2005.00833.x,1461023X,,705,,,JA,,,,,
MD_Jones_21_A glo_Sc,Power A.G.,Entomologia Experimentalis et Applicata,,NA,213,219,3,Leafhopper response to genetically diverse maize stands,49,1988,10.1111/j.1570-7458.1988.tb01182.x,138703,,715,,,JA,,,,,
MD_Jones_21_A glo_Sc,"Midega C.A.O., Khan Z.R., Van Den Berg J., Ogol C.K.P.O., Dippenaar-Schoeman A.S., Pickett J.A., Wadhams L.J.",Journal of Applied Entomology,,NA,248,254,3,Response of ground-dwelling arthropods to a 'push-pull' habitat management system: Spiders as an indicator group,132,2008,10.1111/j.1439-0418.2007.01260.x,9312048,,718,,,JA,,,,,
MD_Jones_21_A glo_Sc,"Björkman M., Hambäck P.A., Rämert B.",Entomologia Experimentalis et Applicata,,NA,319,326,3,Neighbouring monocultures enhance the effect of intercropping on the turnip root fly (Delia floralis),124,2007,10.1111/j.1570-7458.2007.00589.x,138703,,720,,,JA,,,,,
MD_Jones_21_A glo_Sc,"Wale M., Schulthess F., Kairu E.W., Omwega C.O.",Agricultural and Forest Entomology,,NA,73,84,2,Effect of cropping systems on cereal stemborers in the cool-wet and semi-arid ecozones of the Amhara region of Ethiopia,9,2007,10.1111/j.1461-9563.2007.00324.x,14619555,,722,,,JA,,,,,
MD_Jones_21_A glo_Sc,"Khan Z.R., Midega C.A.O., Hassanali A., Pickett J.A., Wadhams L.J., Wanjoya A.",International Journal of Pest Management,,NA,297,302,4,"Management of witchweed, Striga hermonthica, and stemborers in sorghum, Sorghum bicolor, through intercropping with greenleaf desmodium, Desmodium intortum",52,2006,10.1080/09670870600816991,9670874,,727,,,JA,,,,,
MD_Jones_21_A glo_Sc,"Khan Z.R., Pickett J.A., Wadhams L.J., Hassanali A., Midega C.A.O.",Crop Protection,,NA,989,995,9,Combined control of Striga hermonthica and stemborers by maize-Desmodium spp. intercrops,25,2006,10.1016/j.cropro.2006.01.008,2612194,,728,,,JA,,,,,
MD_Jones_21_A glo_Sc,"Hooks C.R.R., Johnson M.W.",BioControl,,NA,485,506,4,Population densities of herbivorous lepidopterans in diverse cruciferous cropping habitats: Effects of mixed cropping and using a living mulch,51,2006,10.1007/s10526-006-9009-5,13866141,,729,,,JA,,,,,
MD_Jones_21_A glo_Sc,"Pontin D.R., Wade M.R., Kehrli P., Wratten S.D.",Annals of Applied Biology,,NA,39,47,1,Attractiveness of single and multiple species flower patches to beneficial insects in agroecosystems,148,2006,10.1111/j.1744-7348.2005.00037.x,34746,,733,,,JA,,,,,
MD_Jones_21_A glo_Sc,"Midega C.A.O., Khan Z.R., Van Den Berg J., Ogol C.K.P.O., Pickett J.A., Wadhams L.J.",International Journal of Pest Management,,NA,1,10,1,Maize stemborer predator activity under ‘push – pull’ system and Bt-maize: A potential component in managing Bt resistance,52,2006,10.1080/09670870600558650,9670874,,734,,,JA,,,,,
MD_Jones_21_A glo_Sc,"Badenes-Perez F.R., Shelton A.M., Nault B.A.",Journal of Economic Entomology,,NA,884,890,3,Using yellow rocket as a trap crop for diamondback moth (Lepidoptera: Plutellidae),98,2005,10.1603/0022-0493-98.3.884,220493,,737,,,JA,,,,,
MD_Jones_21_A glo_Sc,"Schulthess F., Chabi-Olaye A., Gounou S.",Bulletin of Entomological Research,,NA,261,272,3,Multi-trophic level interactions in a cassava-maize mixed cropping system in the humid tropics of West Africa,94,2004,10.1079/BER2004296,74853,,740,,,JA,,,,,
MD_Jones_21_A glo_Sc,"Bukovinszky T., Tréfás H., Van Lenteren J.C., Vet L.E.M., Fremont J.","Agriculture, Ecosystems and Environment",,NA,185,196,2,Plant competition in pest-suppressive intercropping systems complicates evaluation of herbivore responses,102,2004,10.1016/j.agee.2003.08.008,1678809,,742,,,JA,,,,,
MD_Jones_21_A glo_Sc,"Perfecto I., Vandermeer J.H., Bautista G.L., Nuñez G.I., Greenberg R., Bichier P., Langridge S.",Ecology,,NA,2677,2681,10,Greater predation in shaded coffee farms: The role of resident neotropical birds,85,2004,10.1890/03-3145,129658,,743,,,JA,,,,,
MD_Jones_21_A glo_Sc,"Harvey C.T., Eubanks M.D.",Biological Control,,NA,348,358,3,Effect of habitat complexity on biological control by the red imported fire ant (Hymenoptera: Formicidae) in collards,29,2004,10.1016/j.biocontrol.2003.08.006,10499644,,744,,,JA,,,,,
MD_Jones_21_A glo_Sc,"Butts R.A., Floate K.D., David M., Blackshaw R.E., Burnett P.A.",Environmental Entomology,,NA,535,541,3,Influence of intercropping canola or pea with barley on assemblages of ground beetles (Coleoptera: Carabidae),32,2003,10.1603/0046-225X-32.3.535,0046225X,,747,,,JA,,,,,
MD_Jones_21_A glo_Sc,"Smith H.A., McSorley R., Izaguirre J.A.S.",Environmental Entomology,,NA,89,100,1,"Effect of intercropping common bean with poor hosts and nonhosts on numbers of immature whiteflies (Homoptera: Aleyrodidae) in the Salamá Valley, Guatemala",30,2001,10.1603/0046-225X-30.1.89,0046225X,,754,,,JA,,,,,
MD_Jones_21_A glo_Sc,"Smith H.A., Mcsorley R.",Florida Entomologist,,NA,145,158,2,Potential of field corn as a barrier crop and eggplant as a trap crop for management of Bemisia argentifolii (Homoptera: Aleyrodidae) on common bean in North Florida,83,2000,10.2307/3496150,154040,,758,,,JA,,,,,
MD_Jones_21_A glo_Sc,"Den Belder E., Elderson J., Vereijken P.F.G.",Entomologia Experimentalis et Applicata,,NA,173,182,2,Effects of undersown clover on host-plant selection by Thrips tabaci adults in leek,94,2000,10.1023/A:1003960032109,138703,,760,,,JA,,,,,
MD_Jones_21_A glo_Sc,"Parajulee M.N., Slosser J.E.",International Journal of Pest Management,,NA,275,286,4,Evaluation of potential relay strip crops for predator enhancement in Texas cotton,45,1999,10.1080/096708799227680,9670874,,762,,,JA,,,,,
MD_Jones_21_A glo_Sc,"Bender D.A., Morrison W.P., Frisbie R.E.",HortScience,,NA,275,279,2,Intercropping cabbage and Indian mustard for potential control of lepidopterous and other insects,34,1999,NA,185345,,763,,,JA,,,,,
MD_Jones_21_A glo_Sc,"Altieri, M. A. & Schmidt, L. L.",California Agriculture,,NA,24,26,NA,Mixing broccoli cultivars reduces cabbage aphid numbers,41,1987,NA,NA,,765,,,JA,,,,,
MD_Jones_21_A glo_Sc,"Sardiñas H.S., Kremen C.","Agriculture, Ecosystems and Environment",,NA,17,25,NA,Pollination services from field-scale agricultural diversification may be context-dependent,207,2015,10.1016/j.agee.2015.03.020,1678809,,775,,,JA,,,,,
MD_Jones_21_A glo_Sc,"Martins A., Marques G., Borges O., Portela E., Lousada J., Raimundo F., Madeira M.",Agroforestry Systems,,NA,175,189,2,Management of chestnut plantations for a multifunctional land use under Mediterranean conditions: Effects on productivity and sustainability,81,2011,10.1007/s10457-010-9355-2,1674366,,969,,,JA,,,,,
MD_Jones_21_A glo_Sc,"de la Mora A., Murnen C.J., Philpott S.M.",Biodiversity and Conservation,,NA,871,888,4,Local and landscape drivers of biodiversity of four groups of ants in coffee landscapes,22,2013,10.1007/s10531-013-0454-z,9603115,,1033,,,JA,,,,,
MD_Jones_21_A glo_Sc,"Ichinose K., Hoa N.V., Bang D.V., Tuan D.H., Dien L.Q.",Crop Protection,,NA,119,126,NA,Limited efficacy of guava interplanting on citrus greening disease: Effectiveness of protection against disease invasion breaks down after one year,34,2012,10.1016/j.cropro.2011.11.023,2612194,,1035,,,JA,,,,,
MD_Jones_21_A glo_Sc,"Teodoro A.V., Klein A.M., Tscharntke T.",Journal of Applied Entomology,,NA,659,665,NA,Temporally mediated responses of the diversity of coffee mites to agroforestry management,133,2009,10.1111/j.1439-0418.2009.01422.x,9312048,,1038,,,JA,,,,,
MD_Jones_21_A glo_Sc,"Hoehn P., Steffan-Dewenter I., Buchori D., Tscharntke T.",Agroforestry Systems,,NA,163,171,1,Spatiotemporal density patterns of the pest predator Rhynchium haemorrhoidale (F.) along a land-use gradient in cacao agroforestry systems,76,2009,10.1007/s10457-008-9154-1,1674366,,1040,,,JA,,,,,
MD_Jones_21_A glo_Sc,"Sileshi G., Mafongoya P.L., Chintu R., Akinnifesi F.K.",Soil Biology and Biochemistry,,NA,3065,3075,12,Mixed-species legume fallows affect faunal abundance and richness and N cycling compared to single species in maize-fallow rotations,40,2008,10.1016/j.soilbio.2008.09.007,380717,,1042,,,JA,,,,,
MD_Jones_21_A glo_Sc,"Teodoro A., Klein A.M., Tscharntke T.","Agriculture, Ecosystems and Environment",,NA,120,126,NA,"Environmentally mediated coffee pest densities in relation to agroforestry management, using hierarchical partitioning analyses",125,2008,10.1016/j.agee.2007.12.004,1678809,,1044,,,JA,,,,,
MD_Jones_21_A glo_Sc,"Ogol C.K.P.O., Spence J.R., Keddie A.",Environmental Entomology,,NA,1444,1451,6,Natural Enemy Abundance and Activity in a Maize-Leucaena Agroforestry System in Kenya,27,1998,10.1093/ee/27.6.1444,0046225X,,1061,,,JA,,,,,
MD_Jones_21_A glo_Sc,"Pywell R.F., Warman E.A., Hulmes L., Hulmes S., Nuttall P., Sparks T.H., Critchley C.N.R., Sherwood A.",Biological Conservation,,NA,192,206,2,Effectiveness of new agri-environment schemes in providing foraging resources for bumblebees in intensively farmed landscapes,129,2006,10.1016/j.biocon.2005.10.034,63207,,1097,,,JA,,,,,
MD_Jones_21_A glo_Sc,"Kleijn D., Baquero R.A., Clough Y., Díaz M., De Esteban J., Fernández F., Gabriel D., Herzog F., Holzschuh A., Jöhl R., Knop E., Kruess A., Marshall E.J.P., Steffan-Dewenter I., Tscharntke T., Verhulst J., West T.M., Yela J.L.",Ecology Letters,,NA,243,254,3,Mixed biodiversity benefits of agri-environment schemes in five European countries,9,2006,10.1111/j.1461-0248.2005.00869.x,1461023X,,1098,,,JA,,,,,
MD_Jones_21_A glo_Sc,"Pywell R.F., Warman E.A., Carvell C., Sparks T.H., Dicks L.V., Bennett D., Wright A., Critchley C.N.R., Sherwood A.",Biological Conservation,,NA,479,494,4,Providing foraging resources for bumblebees in intensively farmed landscapes,121,2005,10.1016/j.biocon.2004.05.020,63207,,1100,,,JA,,,,,
MD_Jones_21_A glo_Sc,"Azziz G., Bajsa N., Haghjou T., Taulé C., Valverde Á., Igual J.M., Arias A.",Applied Soil Ecology,,NA,320,326,NA,"Abundance, diversity and prospecting of culturable phosphate solubilizing bacteria on soils under crop-pasture rotations in a no-tillage regime in Uruguay",61,2012,10.1016/j.apsoil.2011.10.004,9291393,,1135,,,JA,,,,,
MD_Jones_21_A glo_Sc,"Xuan D.T., Guong V.T., Rosling A., Alström S., Chai B., Högberg N.",Biology and Fertility of Soils,,NA,217,225,2,"Different crop rotation systems as drivers of change in soil bacterial community structure and yield of rice, Oryza sativa",48,2012,10.1007/s00374-011-0618-5,1782762,,1137,,,JA,,,,,
MD_Jones_21_A glo_Sc,"Bossio D.A., Girvan M.S., Verchot L., Bullimore J., Borelli T., Albrecht A., Scow K.M., Ball A.S., Pretty J.N., Osborn A.M.",Microbial Ecology,,NA,50,62,1,Soil microbial community response to land use change in an agricultural landscape of western Kenya,49,2005,10.1007/s00248-003-0209-6,953628,,1142,,,JA,,,,,
MD_Jones_21_A glo_Sc,"Cassano C.R., Barlow J., Pardini R.",Biotropica,,NA,818,825,6,Large Mammals in an Agroforestry Mosaic in the Brazilian Atlantic Forest,44,2012,10.1111/j.1744-7429.2012.00870.x,63606,,1150,,,JA,,,,,
MD_Jones_21_A glo_Sc,"Novais S.M.A., Macedo-Reis L.E., Neves F.S.",Agroforestry Systems,,NA,201,209,1,Predatory beetles in cacao agroforestry systems in Brazilian Atlantic forest: a test of the natural enemy hypothesis,91,2017,10.1007/s10457-016-9917-z,1674366,,1153,,,JA,,,,,
MD_Jones_21_A glo_Sc,"De Fernandes Souza V., De Assis Bomfim J., Fontoura T., Cazetta E.",Tropical Conservation Science,,NA,58,75,1,"Richness and abundance of Aechmea and Hohenbergia (Bromeliaceae) in forest fragments and shade cocoa plantations in two contrasting landscapes in southern Bahia, Brazil",8,2015,10.1177/194008291500800108,19400829,,1168,,,JA,,,,,
MD_Jones_21_A glo_Sc,"Ramos N.C., Gastauer M., de Almeida Campos Cordeiro A., Meira-Neto J.A.A.",Agroforestry Systems,,NA,279,289,2,Environmental filtering of agroforestry systems reduces the risk of biological invasion,89,2015,10.1007/s10457-014-9765-7,1674366,,1170,,,JA,,,,,
MD_Jones_21_A glo_Sc,"Brosi, Berry J.; Daily, Gretchen C.; Ehrlich, Paul R.",ECOLOGICAL APPLICATIONS,,NA,418,430,NA,Bee community shifts with landscape context in a tropical countryside,17,2007,10.1890/06-0029,NA,,1233,,,JA,,,,,
MD_Jones_21_A glo_Sc,"Lozada, T.; de Koning, G. H. J.; Kessler, M.; Klein, A.M.; Tscharntke, T.",DIVERSITY AND DISTRIBUTIONS,,NA,59,68,NA,Geographical range size of tropical plants influences their response to anthropogenic activities,14,2008,10.1111/j.1472-4642.2007.00413.x,NA,,1279,,,JA,,,,,
MD_Jones_21_A glo_Sc,"Moro, D.; Gadal, S.",BIODIVERSITY AND CONSERVATION,,NA,3543,3557,NA,Benefits of habitat restoration to small mammal diversity and abundance in a pastoral agricultural landscape in mid-Wales,16,2007,10.1007/s10531-006-9104-z,NA,,1287,,,JA,,,,,
MD_Jones_21_A glo_Sc,"Seddon, Julian; Doyle, Stuart; Bourne, Mark; Maccallum, Richard; Briggs, Sue",ANIMAL PRODUCTION SCIENCE,,NA,860,868,NA,Biodiversity benefits of alley farming with old man saltbush in central western New South Wales,49,2009,10.1071/EA08280,NA,,1295,,,JA,,,,,
MD_Jones_21_A glo_Sc,"Phoofolo, Mpho W.; Giles, Kristopher L.; Elliott, Norman C.",ENVIRONMENTAL ENTOMOLOGY,,NA,763,774,NA,"Effects of Relay-Intercropping Sorghum With Winter Wheat, Alfalfa, and Cotton on Lady Beetle (Coleoptera: Coccinellidae) Abundance and Species Composition",39,2010,10.1603/EN09122,NA,,1323,,,JA,,,,,
MD_Jones_21_A glo_Sc,"Barrio I.C., Bueno C.G., Villafuerte R., Tortosa F.S.",Journal of Arid Environments,,NA,1,4,NA,"Rabbits, weeds and crops: Can agricultural intensification promote wildlife conflicts in semiarid agro-ecosystems?",90,2013,10.1016/j.jaridenv.2012.10.016,1401963,,1346,,,JA,,,,,
MD_Jones_21_A glo_Sc,"Johnson M.D., Sherry T.W., Holmes R.T., Marra P.P.",Conservation Biology,,NA,1433,1444,5,Assessing habitat quality for a migratory songbird wintering in natural and agricultural habitats,20,2006,10.1111/j.1523-1739.2006.00490.x,8888892,,1391,,,JA,,,,,
MD_Jones_21_A glo_Sc,Kajtoch L.,Acta Oecologica,,NA,53,60,NA,The importance of traditional orchards for breeding birds: The preliminary study on Central European example,78,2017,10.1016/j.actao.2016.12.010,1146609X,,1393,,,JA,,,,,
MD_Jones_21_A glo_Sc,"Liu Y., Axmacher J.C., Wang C., Li L., Yu Z.",Insect Conservation and Diversity,,NA,34,43,1,Ground beetles (Coleoptera: Carabidae) in the intensively cultivated agricultural landscape of Northern China - implications for biodiversity conservation,3,2010,10.1111/j.1752-4598.2009.00069.x,1752458X,,1398,,,JA,,,,,
MD_Jones_21_A glo_Sc,"Liu Y., Duan M., Zhang X., Zhang X., Yu Z., Axmacher J.C.",Insect Conservation and Diversity,,NA,163,176,2,"Effects of plant diversity, habitat and agricultural landscape structure on the functional diversity of carabid assemblages in the North China Plain",8,2015,10.1111/icad.12096,1752458X,,1399,,,JA,,,,,
MD_Jones_21_A glo_Sc,"Palomares-Rius J.E., Castillo P., Montes-Borrego M., Navas-Cortés J.A., Landa B.B.",PLoS ONE,,e0116890,NA,NA,1,Soil Properties and Olive Cultivar Determine the Structure and Diversity of Plant-Parasitic Nematode Communities Infesting Olive Orchards Soils in Southern Spain,10,2015,10.1371/journal.pone.0116890,19326203,,1420,,,JA,,,,,
MD_Jones_21_A glo_Sc,"Meng J., Li L., Liu H., Li Y., Li C., Wu G., Yu X., Guo L., Cheng D., Muminov M.A., Liang X., Jiang G.",PeerJ,,e2137,NA,NA,23,Biodiversity management of organic orchard enhances both ecological and economic profitability,2016,2016,10.7717/PEERJ.2137,21678359,,1453,,,JA,,,,,
MD_Jones_21_A glo_Sc,"Murrieta-Galindo R., González-Romero A., López-Barrera F., Parra-Olea G.",Agroforestry Systems,,NA,767,779,4,"Coffee agrosystems: An important refuge for amphibians in central Veracruz, Mexico",87,2013,10.1007/s10457-013-9595-z,1674366,,1463,,,JA,,,,,
MD_Jones_21_A glo_Sc,"Mastrangelo M.E., Gavin M.C.",Conservation Biology,,NA,1040,1051,6,Trade-Offs between Cattle Production and Bird Conservation in an Agricultural Frontier of the Gran Chaco of Argentina,26,2012,10.1111/j.1523-1739.2012.01904.x,8888892,,1472,,,JA,,,,,
MD_Jones_21_A glo_Sc,"Sirrine JR., Letourneau D.K., Shennan C., Sirrine D., Fouch R., Jackson L., Mages A.","Agriculture, Ecosystems and Environment",,NA,239,245,NA,"Impacts of groundcover management systems on yield, leaf nutrients, weeds, and arthropods of tart cherry in Michigan, USA",125,2008,10.1016/j.agee.2008.01.005,1678809,,1505,,,JA,,,,,
MD_Jones_21_A glo_Sc,"Rodríguez M.P., Domínguez A., Ferroni M.M., Wall L.G., Bedano J.C.",Agronomy,,919,NA,NA,7,The diversification and intensification of crop rotations under no-till promote earthworm abundance and biomass,10,2020,10.3390/agronomy10070919,NA,,1600,,,JA,,,,,
MD_Jones_21_A glo_Sc,"Wan N.-F., Su H., Cavalieri A., Brack B., Wang J.-Y., Weiner J., Fan N.-N., Ji X.-Y., Jiang J.-X.",Journal of Cleaner Production,,120851,NA,NA,NA,Multispecies co-culture promotes ecological intensification of vegetable production,257,2020,10.1016/j.jclepro.2020.120851,NA,,1611,,,JA,,,,,
MD_Jones_21_A glo_Sc,"Zeller S.L., Kalinina O., Flynn D.F.B., Schmid B.",Ecological Applications,,NA,1817,1826,6,Mixtures of genetically modified wheat lines outperform monocultures,22,2012,10.1890/11-0876.1,NA,,1631,,,JA,,,,,
MD_Jones_21_A glo_Sc,"Vu Q., Ramal A.F., Villegas J.M., Jamoralin A., Bernal C.C., Pasang J.M., Almazan M.L.P., Ramp D., Settele J., Horgan F.G.",Paddy and Water Environment,,NA,379,390,2,Enhancing the parasitism of insect herbivores through diversification of habitat in Philippine rice fields,16,2018,10.1007/s10333-018-0662-y,NA,,1637,,,JA,,,,,
MD_Jones_21_A glo_Sc,"Draghi W.O., Degrossi J., Bialer M., Brelles-Mariño G., Abdian P., Soler-Bistué A., Wall L., Zorreguieta A.",PLoS ONE,,e0200651,NA,NA,7,Biodiversity of cultivable Burkholderia species in Argentinean soils under no-till agricultural practices,13,2018,10.1371/journal.pone.0200651,NA,,1639,,,JA,,,,,
MD_Jones_21_A glo_Sc,"Wilson H., Wong J.S., Thorp R.W., Miles A.F., Daane K.M., Altieri M.A.",Environmental Entomology,,NA,63,69,1,Summer Flowering Cover Crops Support Wild Bees in Vineyards,47,2018,10.1093/ee/nvx197,NA,,1640,,,JA,,,,,
MD_Jones_21_A glo_Sc,"Pardon P., Mertens J., Reubens B., Reheul D., Coussement T., Elsen A., Nelissen V., Verheyen K.",Renewable Agriculture and Food Systems,,NA,533,549,5,"Juglans regia (walnut) in temperate arable agroforestry systems: Effects on soil characteristics, arthropod diversity and crop yield",35,2020,10.1017/S1742170519000176,NA,,1642,,,JA,,,,,
MD_Jones_21_A glo_Sc,"Twerski A., Fischer C., Albrecht H.","Agriculture, Ecosystems and Environment",,107237,NA,NA,NA,"Effects of rare arable plants on plant diversity, productivity and soil fertility in agricultural fields",307,2021,10.1016/j.agee.2020.107237,NA,,1645,,,JA,,,,,
MD_Jones_21_A glo_Sc,"Segre H., Segoli M., Carmel Y., Shwartz A.",Journal of Applied Ecology,,NA,2041,2053,10,Experimental evidence of multiple ecosystem services and disservices provided by ecological intensification in Mediterranean agro-ecosystems,57,2020,10.1111/1365-2664.13713,NA,,1647,,,JA,,,,,
MD_Jones_21_A glo_Sc,"Blaauw, B.R. & Isaacs, R.",Journal of Applied Ecology,,NA,890,898,NA,Flower plantings increase wild bee abundance and the pollination services provided to a pollination-dependent crop,51,2014,NA,NA,,1667,,,JA,,,,,
MD_Jones_21_A glo_Sc,"Blaauw, B R., & Isaacs, R.",Biol. Control,,NA,94,103,NA,Wildflower plantings enhance the abundance of natural enemies and their services in adjacent blueberry fields,91,2015,NA,NA,,1668,,,JA,,,,,
MD_Jones_21_A glo_Sc,"Campbell, A., Wilby, A., Sutton, P. & Wäckers, F.",Insects,,NA,NA,NA,101,Getting more power from your flowers: Multi-functional flower strips enhance pollinators and pest control agents in apple orchards,8,2017,NA,NA,,1669,,,JA,,,,,
MD_Jones_21_A glo_Sc,"Campbell, A. J., Wilby, A., Sutton, P. & Wäckers, F. L.",Agric. Ecosyst. Environ.,,NA,20,29,NA,Do sown flower strips boost wild pollinator abundance and pollination services in a spring-flowering crop? A case study from UK cider apple orchards,239,2017,NA,NA,,1670,,,JA,,,,,
MD_Jones_21_A glo_Sc,"Feltham, H., Park, K., Minderman, J., & Goulson, D.",Ecol. Evol.,,NA,3523,3530,NA,Experimental evidence that wildflower strips increase pollinator visits to crops,5,2015,NA,NA,,1672,,,JA,,,,,
MD_Jones_21_A glo_Sc,"Morandin, L.A., Long, R.F., & Kremen, C.",Agric. Ecosyst. Environ.,,NA,164,170,NA,Hedgerows enhance beneficial insects on adjacent tomato fields in an intensive agricultural landscape,189,2014,NA,NA,,1677,,,JA,,,,,
MD_Jones_21_A glo_Sc,"Phillips, B. W., & Gardiner, M. M.",Biol. Control,,NA,191,194,NA,Does local habitat management or large-scale landscape composition alter the biocontrol services provided to pumpkin agroecosystems?,92,2016,NA,NA,,1680,,,JA,,,,,
MD_Jones_21_A glo_Sc,"Rundlöf, M., Lundin, O., & Bommarco, R.",Ecol. Evol.,,NA,7974,7985,NA,Annual flower strips support pollinators and potentially enhance red clover seed yield,8,2018,NA,NA,,1682,,,JA,,,,,
MD_Jones_21_A glo_Sc,"Sutter, L., Albrecht, M., & Jeanneret, P.",J. Appl. Ecol.,,NA,612,620,NA,Landscape greening and local creation of wildflower strips and hedgerows promote multiple ecosystem services,55,2018,NA,NA,,1685,,,JA,,,,,
MD_Jones_21_A glo_Sc,"Tschumi, M., Albrecht, M., Entling, M. H., & Jacot, K.",Proc. R. Soc. B,,NA,NA,NA,20151369,High effectiveness of tailored flower strips in reducing pests and crop plant damage,282,2015,NA,NA,,1687,,,JA,,,,,
MD_Jones_21_A glo_Sc,"Tschumi, M., Albrecht, M., Collatz, J., Dubsky, V., Entling, M. H., Najar-Rodriguez, A. J., & Jacot, K.",J. Appl. Ecol.,,NA,1169,1176,NA,Tailored flower strips promote natural enemy biodiversity and pest control in potato crops,53,2016,NA,NA,,1688,,,JA,,,,,
MD_Jones_21_A glo_Sc,"Tschumi, M., Albrecht, M., Bärtschi, C., Collatz, J., Entling, M. H., & Jacot, K.",Agric. Ecosyst. Environ.,,NA,97,103,NA,"Perennial, species-rich wildflower strips enhance pest control and crop yield",220,2016,NA,NA,,1689,,,JA,,,,,
MD_Jones_21_A glo_Sc,"Venturini, E.M., Drummond, F.A., Hoshide, A.K., Dibble, A.C., & Stack, L.B.",J. Econ. Entomol.,,NA,333,346,NA,Pollination reservoirs in lowbush blueberry (Ericales: Ericaceae),110,2017,NA,NA,,1690,,,JA,,,,,
MD_Jones_21_A glo_Sc,"Woltz, MJ, R Isaacs, DA Landis.",Agric. Ecosyst. Environ.,,NA,40,49,NA,Landscape structure and habitat management differentially influence insect natural enemies in an agricultural landscape,152,2012,NA,NA,,1691,,,JA,,,,,
MD_Jones_21_A glo_Sc,"Jha, S. & Vandermeer, J.H.",Oikos,,NA,1174,1180,NA,Contrasting bee foraging in response to resource scale and local habitat management,118,2009,NA,NA,,1724,,,JA,,,,,
